City ID,City,Lat,Lng,Max Temp,Humidity,Cloudiness,Wind Speed,Country,Current Description,Date
0,Saint-Leu,-21.15,55.2833,70.63,68,30,14.25,RE,scattered clouds,2021-05-21 23:05:46
1,Rudnogorsk,57.2639,103.7519,38.5,41,63,2.26,RU,broken clouds,2021-05-21 23:05:46
2,Sao Joao Da Barra,-21.6403,-41.0511,73.09,87,7,8.99,BR,clear sky,2021-05-21 23:04:47
3,Verkhoyansk,67.5447,133.385,38.3,54,23,7.65,RU,few clouds,2021-05-21 23:05:46
4,Bealanana,-14.55,48.7333,54.0,96,64,3.71,MG,broken clouds,2021-05-21 23:05:47
5,Hermanus,-34.4187,19.2345,52.9,66,24,4.63,ZA,few clouds,2021-05-21 23:05:47
6,Vanimo,-2.6741,141.3028,81.61,81,100,2.39,PG,overcast clouds,2021-05-21 23:05:47
7,Shenjiamen,29.9576,122.298,64.71,91,100,5.66,CN,light rain,2021-05-21 23:05:47
8,Aykhal,66.0,111.5,28.4,86,58,3.09,RU,broken clouds,2021-05-21 23:05:48
9,Camana,-16.6228,-72.7111,64.38,83,92,10.11,PE,overcast clouds,2021-05-21 23:05:48
10,Lompoc,34.6391,-120.4579,70.57,64,75,16.11,US,broken clouds,2021-05-21 23:05:48
11,Castro,-24.7911,-50.0119,59.4,66,3,4.27,BR,clear sky,2021-05-21 23:05:49
12,Glendive,47.1053,-104.7125,41.7,87,90,10.36,US,light rain,2021-05-21 23:01:18
13,Rikitea,-23.1203,-134.9692,76.26,59,30,9.53,PF,scattered clouds,2021-05-21 23:05:49
14,Arraial Do Cabo,-22.9661,-42.0278,73.11,86,27,10.45,BR,scattered clouds,2021-05-21 23:03:13
15,Udachnyy,66.4167,112.4,29.77,88,45,2.44,RU,scattered clouds,2021-05-21 23:05:49
16,Suhut,38.5311,30.5458,46.31,75,82,6.2,TR,broken clouds,2021-05-21 23:05:50
17,Dikson,73.5069,80.5464,26.04,93,97,7.47,RU,overcast clouds,2021-05-21 23:05:50
18,Albany,42.6001,-73.9662,83.01,78,83,2.51,US,broken clouds,2021-05-21 23:05:20
19,Mataura,-46.1927,168.8643,49.48,67,57,2.75,NZ,broken clouds,2021-05-21 23:05:50
20,Samarai,-10.6167,150.6667,79.99,82,89,15.79,PG,overcast clouds,2021-05-21 23:05:51
21,Puerto Ayora,-0.7393,-90.3518,75.54,88,37,8.01,EC,scattered clouds,2021-05-21 23:03:51
22,Ahipara,-35.1667,173.1667,61.07,72,100,12.37,NZ,moderate rain,2021-05-21 23:05:51
23,Bethel,41.3712,-73.414,79.25,48,1,6.91,US,clear sky,2021-05-21 23:03:14
24,Talpa,28.8257,-111.6257,96.57,38,85,5.99,MX,overcast clouds,2021-05-21 23:05:51
25,Lorengau,-2.0226,147.2712,84.15,69,72,5.19,PG,broken clouds,2021-05-21 23:01:15
26,Touros,-5.1989,-35.4608,76.1,79,5,12.01,BR,clear sky,2021-05-21 23:05:29
27,Xining,36.6167,101.7667,53.11,70,100,1.59,CN,overcast clouds,2021-05-21 23:05:52
28,Iqaluit,63.7506,-68.5145,25.7,63,99,8.99,CA,overcast clouds,2021-05-21 23:05:52
29,Bubaque,11.2833,-15.8333,78.33,82,22,15.77,GW,few clouds,2021-05-21 23:05:53
30,Khasan,42.4308,130.6434,56.77,74,42,2.21,RU,scattered clouds,2021-05-21 23:05:53
31,Whakatane,-37.9585,176.9854,62.65,87,100,5.99,NZ,overcast clouds,2021-05-21 23:05:54
32,Khatanga,71.9667,102.5,20.75,91,23,1.21,RU,few clouds,2021-05-21 23:05:54
33,Lagos,6.5833,3.75,79.93,82,5,5.84,NG,clear sky,2021-05-21 23:05:54
34,Ushuaia,-54.8,-68.3,42.51,98,100,2.75,AR,overcast clouds,2021-05-21 23:05:54
35,Talnakh,69.4865,88.3972,30.2,97,100,13.67,RU,snow,2021-05-21 23:05:55
36,Santa Cruz,-17.8,-63.1667,77.23,71,78,16.37,BO,broken clouds,2021-05-21 23:05:48
37,New Norfolk,-42.7826,147.0587,51.93,69,21,1.01,AU,few clouds,2021-05-21 23:05:55
38,Ndende,-2.4008,11.3581,74.05,99,100,2.3,GA,light rain,2021-05-21 23:05:55
39,Shingu,33.7333,135.9833,65.91,86,100,3.85,JP,overcast clouds,2021-05-21 23:05:56
40,Butaritari,3.0707,172.7902,81.88,80,100,26.37,KI,overcast clouds,2021-05-21 23:05:56
41,San Quintin,30.4833,-115.95,63.73,57,0,24.94,MX,clear sky,2021-05-21 23:05:56
42,Koslan,63.4564,48.8989,55.9,93,90,7.99,RU,overcast clouds,2021-05-21 23:05:56
43,Palma Di Montechiaro,37.1926,13.765,59.61,78,99,3.8,IT,overcast clouds,2021-05-21 23:05:56
44,Busselton,-33.65,115.3333,57.04,77,100,11.54,AU,light rain,2021-05-21 23:05:57
45,Punta Arenas,-53.15,-70.9167,42.91,88,40,4.43,CL,scattered clouds,2021-05-21 23:05:57
46,Atbasar,51.8,68.3333,61.38,47,0,5.55,KZ,clear sky,2021-05-21 23:05:57
47,Sitka,57.0531,-135.33,49.89,81,90,8.05,US,moderate rain,2021-05-21 23:05:58
48,Dinghai,26.2847,119.7936,68.61,92,100,6.71,CN,overcast clouds,2021-05-21 23:05:58
49,Bitung,1.4451,125.1824,76.05,84,100,2.71,ID,overcast clouds,2021-05-21 23:05:58
50,Maceio,-9.6658,-35.7353,74.64,86,75,9.75,BR,broken clouds,2021-05-21 23:03:25
51,Lebu,-37.6167,-73.65,52.61,82,94,4.36,CL,overcast clouds,2021-05-21 23:05:58
52,Kaitangata,-46.2817,169.8464,52.93,64,26,6.87,NZ,scattered clouds,2021-05-21 23:05:59
53,Tasiilaq,65.6145,-37.6368,33.96,70,100,14.58,GL,overcast clouds,2021-05-21 23:05:59
54,Bredasdorp,-34.5322,20.0403,46.27,74,13,5.26,ZA,few clouds,2021-05-21 23:05:59
55,Cape Town,-33.9258,18.4232,53.11,63,25,2.48,ZA,scattered clouds,2021-05-21 23:03:08
56,Mae Sot,16.7167,98.5667,74.17,96,83,1.99,TH,broken clouds,2021-05-21 23:06:00
57,Atuona,-9.8,-139.0333,80.02,76,40,18.03,PF,scattered clouds,2021-05-21 23:02:44
58,Yellowknife,62.456,-114.3525,58.32,28,0,4.0,CA,clear sky,2021-05-21 23:06:00
59,Port Alfred,-33.5906,26.891,56.03,70,2,16.37,ZA,clear sky,2021-05-21 23:06:00
60,Thompson,55.7435,-97.8558,36.27,85,100,5.64,CA,overcast clouds,2021-05-21 23:04:18
61,Harbour Breton,47.4833,-55.7983,42.87,94,83,8.01,CA,broken clouds,2021-05-21 22:59:18
62,Provideniya,64.3833,-173.3,40.78,66,95,12.62,RU,overcast clouds,2021-05-21 22:59:18
63,Hakodate,41.7758,140.7367,53.91,94,75,18.41,JP,broken clouds,2021-05-21 22:59:18
64,Tuktoyaktuk,69.4541,-133.0374,44.6,57,1,23.02,CA,clear sky,2021-05-21 22:59:19
65,Kapaa,22.0752,-159.319,78.48,74,47,3.0,US,scattered clouds,2021-05-21 22:59:19
66,Surt,31.2089,16.5887,67.21,69,5,17.13,LY,clear sky,2021-05-21 22:55:06
67,Chifeng,42.2683,118.9636,72.0,42,55,11.12,CN,broken clouds,2021-05-21 22:59:19
68,Grand Gaube,-20.0064,57.6608,68.4,66,34,23.76,MU,scattered clouds,2021-05-21 22:59:20
69,Sisimiut,66.9395,-53.6735,30.49,78,100,19.71,GL,overcast clouds,2021-05-21 22:59:20
70,San Patricio,28.017,-97.5169,87.89,62,60,7.83,US,broken clouds,2021-05-21 22:59:20
71,Bluff,-46.6,168.3333,49.8,76,99,16.24,NZ,overcast clouds,2021-05-21 22:59:20
72,Hobart,-42.8794,147.3294,52.27,82,20,1.99,AU,few clouds,2021-05-21 22:59:21
73,Qaanaaq,77.484,-69.3632,25.21,85,16,1.36,GL,few clouds,2021-05-21 22:59:21
74,Kununurra,-15.7667,128.7333,64.38,94,1,0.0,AU,clear sky,2021-05-21 22:54:39
75,Cidreira,-30.1811,-50.2056,63.09,94,100,24.52,BR,heavy intensity rain,2021-05-21 22:59:21
76,Nikolskoye,59.7035,30.7861,48.09,89,92,10.98,RU,light rain,2021-05-21 22:59:21
77,Upernavik,72.7868,-56.1549,27.45,92,100,10.63,GL,overcast clouds,2021-05-21 22:59:22
78,Inhambane,-23.865,35.3833,70.63,87,60,0.94,MZ,light rain,2021-05-21 22:59:22
79,Broken Hill,-31.95,141.4333,51.51,58,98,9.22,AU,overcast clouds,2021-05-21 22:59:22
80,Padang,-0.9492,100.3543,77.05,84,99,3.24,ID,overcast clouds,2021-05-21 22:59:22
81,Trelew,-43.249,-65.3051,54.57,84,100,1.66,AR,overcast clouds,2021-05-21 22:59:23
82,Sinnamary,5.3833,-52.95,78.21,87,38,12.15,GF,light rain,2021-05-21 22:59:23
83,Tahta,26.7693,31.5021,81.16,29,0,16.13,EG,clear sky,2021-05-21 22:59:23
84,Hithadhoo,-0.6,73.0833,83.25,73,95,9.82,MV,overcast clouds,2021-05-21 22:59:23
85,Cabo San Lucas,22.8909,-109.9124,96.51,62,49,9.22,MX,scattered clouds,2021-05-21 22:59:24
86,Balkanabat,39.5108,54.3671,88.79,18,0,9.24,TM,clear sky,2021-05-21 22:59:24
87,Kavieng,-2.5744,150.7967,84.6,72,76,9.28,PG,broken clouds,2021-05-21 22:59:24
88,East London,-33.0153,27.9116,58.69,60,55,14.67,ZA,broken clouds,2021-05-21 22:59:24
89,Carnarvon,-24.8667,113.6333,53.67,87,81,6.91,AU,broken clouds,2021-05-21 22:59:25
90,Ambilobe,-13.2,49.05,65.86,87,1,3.44,MG,clear sky,2021-05-21 22:59:25
91,Vestmannaeyjar,63.4427,-20.2734,43.9,65,73,5.37,IS,broken clouds,2021-05-21 22:59:25
92,Elban,50.1018,136.5094,67.57,65,56,5.75,RU,broken clouds,2021-05-21 22:59:25
93,Port Moresby,-9.4431,147.1797,77.65,86,100,2.64,PG,overcast clouds,2021-05-21 22:59:26
94,Geraldton,-28.7667,114.6,57.61,78,97,6.06,AU,overcast clouds,2021-05-21 22:59:26
95,San Cristobal,7.7669,-72.225,80.78,74,94,3.24,VE,overcast clouds,2021-05-21 22:59:26
96,Vaini,-21.2,-175.2,82.56,83,75,13.8,TO,light rain,2021-05-21 22:59:32
97,Tura,25.5198,90.2201,73.56,93,45,1.61,IN,scattered clouds,2021-05-21 23:03:20
98,Sfantu Gheorghe,45.8667,25.7833,51.26,84,46,1.05,RO,scattered clouds,2021-05-21 23:03:20
99,Bambous Virieux,-20.3428,57.7575,72.0,69,41,19.33,MU,light rain,2021-05-21 23:03:21
100,Vlagtwedde,53.0275,7.1083,54.1,56,21,21.52,NL,few clouds,2021-05-21 23:03:21
101,Mar Del Plata,-38.0023,-57.5575,61.09,50,0,21.0,AR,clear sky,2021-05-21 22:59:11
102,Chuy,-33.6971,-53.4616,60.17,89,100,18.48,UY,moderate rain,2021-05-21 23:03:21
103,Roseburg,43.2165,-123.3417,60.91,45,90,4.61,US,overcast clouds,2021-05-21 23:03:21
104,Margate,51.3813,1.3862,52.3,71,100,4.0,GB,overcast clouds,2021-05-21 23:03:00
105,Galveston,29.3669,-94.9669,79.95,88,90,1.99,US,overcast clouds,2021-05-21 23:03:22
106,Cherskiy,68.75,161.3,34.16,77,99,13.62,RU,overcast clouds,2021-05-21 23:03:22
107,Urusha,54.05,122.9,40.01,63,100,7.0,RU,overcast clouds,2021-05-21 23:03:22
108,Vardo,70.3705,31.1107,33.84,98,100,26.13,NO,light snow,2021-05-21 23:03:08
109,Tyukhtet,56.5389,89.3011,38.41,82,84,5.19,RU,broken clouds,2021-05-21 23:03:23
110,Khilok,51.3674,110.4676,34.7,81,100,6.33,RU,overcast clouds,2021-05-21 23:03:23
111,Saint George,37.1041,-113.5841,66.79,14,1,21.0,US,clear sky,2021-05-21 22:58:47
112,Omboue,-1.5746,9.2618,76.8,92,100,4.61,GA,light rain,2021-05-21 23:03:23
113,Aberfeldy,56.62,-3.8645,43.59,89,99,9.91,GB,overcast clouds,2021-05-21 23:03:24
114,Zhigalovo,54.8097,105.1578,38.88,46,100,2.8,RU,overcast clouds,2021-05-21 23:03:24
115,Ishigaki,24.3448,124.1572,82.4,89,40,9.22,JP,scattered clouds,2021-05-21 23:00:08
116,Pisco,-13.7,-76.2167,69.03,82,4,6.91,PE,clear sky,2021-05-21 23:03:24
117,Opuwo,-18.0607,13.84,64.8,35,4,7.14,NA,clear sky,2021-05-21 23:03:24
118,Ribeira Grande,38.5167,-28.7,59.94,65,99,16.46,PT,overcast clouds,2021-05-21 23:03:25
119,Torbay,47.6666,-52.7314,60.89,72,50,18.05,CA,scattered clouds,2021-05-21 23:03:25
120,Dunedin,-45.8742,170.5036,51.98,59,10,5.91,NZ,clear sky,2021-05-21 22:59:49
121,Leshukonskoye,64.8989,45.7622,59.05,85,99,6.78,RU,overcast clouds,2021-05-21 23:03:25
122,Kavaratti,10.5669,72.642,81.93,75,97,4.88,IN,overcast clouds,2021-05-21 23:03:26
123,Jamestown,42.097,-79.2353,78.19,44,1,3.0,US,clear sky,2021-05-21 23:03:26
124,Ellensburg,46.9965,-120.5479,69.24,40,20,15.01,US,few clouds,2021-05-21 23:03:26
125,Bengkulu,-3.8004,102.2655,75.72,91,100,4.21,ID,light rain,2021-05-21 23:03:26
126,Antigonish,45.6169,-61.9986,65.14,57,25,7.0,CA,scattered clouds,2021-05-21 23:03:27
127,Orkney,-26.9802,26.6727,47.77,44,80,4.76,ZA,broken clouds,2021-05-21 23:03:27
128,Zlatoust,55.1711,59.6508,52.68,91,62,3.15,RU,broken clouds,2021-05-21 23:03:27
129,Sindor,62.8629,51.8905,57.02,91,96,8.68,RU,overcast clouds,2021-05-21 22:59:31
130,Ambon,-3.6954,128.1814,75.34,85,40,13.38,ID,light rain,2021-05-21 23:03:28
131,Gasa,31.5,34.4667,69.78,80,0,9.17,PS,clear sky,2021-05-21 23:03:28
132,Bahar,34.9072,48.4414,65.44,28,68,5.46,IR,broken clouds,2021-05-21 23:03:28
133,Fairbanks,64.8378,-147.7164,58.6,55,100,1.01,US,overcast clouds,2021-05-21 23:00:32
134,Turek,52.0155,18.5005,52.97,73,100,13.27,PL,overcast clouds,2021-05-21 23:03:28
135,Denpasar,-8.65,115.2167,76.66,81,20,6.87,ID,few clouds,2021-05-21 23:03:29
136,Maniitsoq,65.4167,-52.9,32.94,82,100,29.33,GL,overcast clouds,2021-05-21 23:03:29
137,Lewisporte,49.2499,-55.0482,48.29,84,64,5.08,CA,broken clouds,2021-05-21 23:03:29
138,Te Anau,-45.4167,167.7167,46.38,75,31,0.72,NZ,scattered clouds,2021-05-21 23:03:29
139,Hay River,60.8156,-115.7999,57.94,39,19,7.23,CA,few clouds,2021-05-21 23:00:11
140,Bambari,5.768,20.6757,74.32,83,68,4.76,CF,light rain,2021-05-21 23:03:30
141,Muslyumovo,55.3033,53.1947,60.26,80,71,6.08,RU,broken clouds,2021-05-21 23:03:30
142,Christchurch,-43.5333,172.6333,58.03,85,13,1.01,NZ,few clouds,2021-05-21 23:03:30
143,Woodward,36.4337,-99.3904,83.43,41,1,19.71,US,clear sky,2021-05-21 23:03:30
144,Kodiak,57.79,-152.4072,45.91,76,90,9.22,US,light rain,2021-05-21 23:03:31
145,Omaruru,-21.4333,15.9333,62.56,40,0,5.93,NA,clear sky,2021-05-21 23:03:31
146,Karratha,-20.7377,116.8463,70.92,20,0,7.43,AU,clear sky,2021-05-21 23:03:31
147,Avarua,-21.2078,-159.775,78.85,73,90,13.8,CK,overcast clouds,2021-05-21 23:03:31
148,Nauta,-4.5061,-73.5757,75.34,96,63,1.39,PE,broken clouds,2021-05-21 23:03:32
149,Fortuna,40.5982,-124.1573,66.47,63,40,10.0,US,scattered clouds,2021-05-21 23:03:32
150,Hilo,19.7297,-155.09,82.27,86,90,9.22,US,moderate rain,2021-05-21 23:03:22
151,Georgetown,5.4112,100.3354,78.73,90,20,2.35,MY,few clouds,2021-05-21 23:01:06
152,Kano,12.0001,8.5167,90.81,15,76,6.24,NG,broken clouds,2021-05-21 23:03:32
153,Chernyshevskiy,63.0128,112.4714,42.64,42,42,1.97,RU,scattered clouds,2021-05-21 23:03:33
154,Mahebourg,-20.4081,57.7,72.03,70,45,19.17,MU,light rain,2021-05-21 23:03:33
155,Agirish,61.9247,63.0231,59.56,57,39,5.17,RU,scattered clouds,2021-05-21 23:03:33
156,Cullinan,-25.6709,28.5236,50.59,34,100,9.86,ZA,overcast clouds,2021-05-21 23:03:33
157,Tres Arroyos,-38.3739,-60.2798,53.46,86,100,12.12,AR,light rain,2021-05-21 23:03:34
158,Saldanha,-33.0117,17.9442,54.66,67,36,5.3,ZA,scattered clouds,2021-05-21 23:03:34
159,Bilokurakyne,49.5341,38.7307,52.25,89,95,9.04,UA,overcast clouds,2021-05-21 23:03:34
160,Saint-Augustin,51.226,-58.6502,43.12,92,100,14.36,CA,overcast clouds,2021-05-21 23:03:34
161,Irece,-11.3042,-41.8558,75.15,48,39,11.97,BR,scattered clouds,2021-05-21 22:59:10
162,Walvis Bay,-22.9575,14.5053,59.09,57,0,7.81,NA,clear sky,2021-05-21 23:03:35
163,Adrar,20.5022,-10.0711,90.99,12,14,8.84,MR,few clouds,2021-05-21 23:03:35
164,Port Lincoln,-34.7333,135.8667,60.48,36,2,8.59,AU,clear sky,2021-05-21 23:03:35
165,Saskylakh,71.9167,114.0833,18.54,96,91,1.28,RU,overcast clouds,2021-05-21 23:03:35
166,Kemise,10.7167,39.8667,69.64,29,35,6.62,ET,scattered clouds,2021-05-21 23:03:36
167,Simi,9.5667,-12.35,73.6,92,91,10.18,SL,moderate rain,2021-05-21 23:03:36
168,Qianan,44.9932,124.0581,72.54,45,37,17.47,CN,scattered clouds,2021-05-21 23:03:36
169,Los Llanos De Aridane,28.6585,-17.9182,65.95,63,0,17.2,ES,clear sky,2021-05-21 23:03:37
170,Carballo,43.213,-8.691,55.09,96,91,4.36,ES,overcast clouds,2021-05-21 23:03:37
171,Svetlyy,54.675,20.1347,48.25,94,81,11.32,RU,light rain,2021-05-21 23:03:37
172,Ust-Kuyga,70.0167,135.6,30.81,72,99,5.23,RU,overcast clouds,2021-05-21 23:03:37
173,Mitsamiouli,-11.3847,43.2844,77.92,69,0,11.01,KM,clear sky,2021-05-21 23:03:38
174,Avera,33.194,-82.5271,86.72,40,7,12.55,US,clear sky,2021-05-21 23:03:38
175,Muravlenko,63.7898,74.523,61.97,63,26,7.2,RU,scattered clouds,2021-05-21 23:03:38
176,Am Timan,11.0297,20.2827,85.15,50,80,8.66,TD,broken clouds,2021-05-21 23:03:39
177,Lahaina,20.8783,-156.6825,81.64,74,40,9.22,US,scattered clouds,2021-05-21 23:01:55
178,Shimanovsk,52.0,127.7,53.37,82,92,7.34,RU,overcast clouds,2021-05-21 23:03:39
179,Vila Franca Do Campo,37.7167,-25.4333,59.41,67,100,7.87,PT,overcast clouds,2021-05-21 23:03:39
180,Manzhouli,49.6,117.4333,49.98,70,100,13.82,CN,overcast clouds,2021-05-21 23:03:39
181,Alofi,-19.0595,-169.9187,79.74,81,100,19.35,NU,overcast clouds,2021-05-21 23:03:40
182,Sao Francisco,-15.9486,-44.8644,74.98,41,6,3.87,BR,clear sky,2021-05-21 23:03:40
183,Cap Malheureux,-19.9842,57.6142,73.67,67,26,23.04,MU,scattered clouds,2021-05-21 23:01:07
184,Gobabis,-22.45,18.9667,53.53,50,3,12.5,NA,clear sky,2021-05-21 23:03:40
185,Barrow,71.2906,-156.7887,30.22,86,90,20.71,US,overcast clouds,2021-05-21 23:03:41
186,Keti Bandar,24.1447,67.4497,83.84,79,67,16.75,PK,broken clouds,2021-05-21 23:03:41
187,Kokoda,-8.8785,147.7407,80.78,82,94,2.59,PG,overcast clouds,2021-05-21 23:03:41
188,Portland,45.5234,-122.6762,70.95,55,75,1.99,US,broken clouds,2021-05-21 23:03:41
189,Westport,41.1415,-73.3579,78.35,54,1,8.93,US,clear sky,2021-05-21 23:03:05
190,Ostersund,63.1792,14.6357,45.05,76,40,5.75,SE,scattered clouds,2021-05-21 23:03:42
191,Grants,35.1473,-107.8514,64.63,42,75,19.57,US,broken clouds,2021-05-21 23:03:42
192,Gat,31.61,34.7642,68.92,87,0,3.58,IL,clear sky,2021-05-21 23:03:42
193,Comodoro Rivadavia,-45.8667,-67.5,52.34,96,100,3.27,AR,overcast clouds,2021-05-21 23:01:28
194,Maidens,55.3338,-4.8147,45.55,78,100,6.89,GB,light rain,2021-05-21 23:03:42
195,Raudeberg,61.9875,5.1352,47.07,86,87,11.16,NO,overcast clouds,2021-05-21 23:03:43
196,Bilibino,68.0546,166.4372,33.76,93,100,2.86,RU,light rain,2021-05-21 23:03:43
197,Saint-Philippe,-21.3585,55.7679,71.15,70,84,14.5,RE,broken clouds,2021-05-21 23:03:43
198,Oshnaviyeh,37.0397,45.0983,63.21,32,3,3.47,IR,clear sky,2021-05-21 23:03:43
199,Fort Nelson,58.8053,-122.7002,69.94,21,20,5.12,CA,few clouds,2021-05-21 23:00:11
200,Waingapu,-9.6567,120.2641,76.82,83,62,5.95,ID,broken clouds,2021-05-21 23:03:44
201,Paraiso,9.8383,-83.8656,74.26,93,98,3.71,CR,light rain,2021-05-21 23:03:44
202,Canico,32.6333,-16.85,66.83,78,20,13.82,PT,few clouds,2021-05-21 23:03:44
203,Asfi,32.2994,-9.2372,67.87,69,78,19.17,MA,broken clouds,2021-05-21 23:03:45
204,Labuhan,-6.8844,112.2051,76.6,88,15,6.35,ID,few clouds,2021-05-21 23:03:45
205,Hasaki,35.7333,140.8333,66.6,84,100,16.15,JP,moderate rain,2021-05-21 23:03:45
206,Tessalit,20.1986,1.0114,90.1,25,83,15.32,ML,broken clouds,2021-05-21 23:03:45
207,Vaxjo,56.8777,14.8091,45.72,100,90,2.3,SE,overcast clouds,2021-05-21 23:03:46
208,Kushima,31.4583,131.2333,60.12,84,100,6.96,JP,overcast clouds,2021-05-21 23:03:46
209,Itum-Kale,42.7356,45.5758,68.68,53,93,9.06,RU,overcast clouds,2021-05-21 23:03:46
210,Quatre Cocos,-20.2078,57.7625,71.71,69,38,19.57,MU,light rain,2021-05-21 23:03:46
211,Marystown,47.1666,-55.1483,45.34,89,35,9.53,CA,scattered clouds,2021-05-21 23:03:47
212,Salalah,17.0151,54.0924,80.19,83,82,3.47,OM,broken clouds,2021-05-21 23:03:47
213,Chokurdakh,70.6333,147.9167,29.48,90,100,4.18,RU,overcast clouds,2021-05-21 23:03:47
214,Vyshchetarasivka,47.5685,34.881,56.37,80,95,14.56,UA,overcast clouds,2021-05-21 23:03:47
215,Kupang,-10.1667,123.5833,75.78,94,20,6.91,ID,few clouds,2021-05-21 23:03:48
216,Shimoda,34.6667,138.95,67.15,86,100,16.06,JP,moderate rain,2021-05-21 23:03:48
217,Magadan,59.5667,150.8,39.31,74,19,2.26,RU,few clouds,2021-05-21 23:03:48
218,Port Elizabeth,-33.918,25.5701,55.69,67,0,13.8,ZA,clear sky,2021-05-21 22:59:46
219,Karlskrona,56.1616,15.5866,45.05,92,100,6.96,SE,overcast clouds,2021-05-21 23:03:49
220,Northam,51.0333,-4.2167,51.39,93,100,12.62,GB,light rain,2021-05-21 23:03:46
221,San Policarpo,12.1791,125.5072,81.36,79,24,2.17,PH,few clouds,2021-05-21 23:03:49
222,Bama,11.5221,13.6856,86.41,48,58,8.66,NG,broken clouds,2021-05-21 23:03:49
223,Nedryhayliv,50.834,33.8763,47.17,86,6,3.0,UA,clear sky,2021-05-21 23:03:50
224,Olinda,-8.0089,-34.8553,78.53,70,20,10.51,BR,few clouds,2021-05-21 23:03:50
225,Victoria,22.2855,114.1577,86.97,85,40,1.99,HK,scattered clouds,2021-05-21 23:01:06
226,Strezhevoy,60.7333,77.5889,49.98,92,75,8.95,RU,broken clouds,2021-05-21 23:03:50
227,Sibolga,1.7427,98.7792,76.59,89,99,3.04,ID,overcast clouds,2021-05-21 23:03:50
228,Manosque,43.8288,5.7869,59.76,95,100,3.09,FR,overcast clouds,2021-05-21 23:03:51
229,Mount Isa,-20.7333,139.5,69.57,40,75,3.44,AU,broken clouds,2021-05-21 23:00:54
230,Asau,46.4333,26.4,50.76,91,73,5.19,RO,broken clouds,2021-05-21 23:03:51
231,Ponta Do Sol,32.6667,-17.1,66.83,72,4,8.1,PT,clear sky,2021-05-21 23:03:51
232,Ryotsu,38.0833,138.4333,63.19,79,61,18.05,JP,broken clouds,2021-05-21 23:03:52
233,Pimentel,-6.8367,-79.9342,68.29,84,90,3.0,PE,overcast clouds,2021-05-21 23:03:52
234,Dingolfing,48.6333,12.5,51.12,94,100,12.77,DE,moderate rain,2021-05-21 23:03:52
235,Poum,-20.2333,164.0167,74.12,69,38,19.37,NC,scattered clouds,2021-05-21 23:03:52
236,Praia Da Vitoria,38.7333,-27.0667,59.76,68,100,14.45,PT,overcast clouds,2021-05-21 23:03:53
237,Shaowu,27.3409,117.4831,73.02,99,99,1.32,CN,moderate rain,2021-05-21 23:03:53
238,Trat,12.5,102.5,76.21,95,77,4.09,TH,broken clouds,2021-05-21 23:03:53
239,San Jose,37.3394,-121.895,73.31,31,1,4.0,US,clear sky,2021-05-21 22:59:35
240,Tilichiki,60.4667,166.1,31.41,88,100,7.52,RU,overcast clouds,2021-05-21 23:03:54
241,Port Hardy,50.6996,-127.4199,55.08,70,96,14.27,CA,overcast clouds,2021-05-21 23:00:12
242,Bayangol,50.6977,103.4656,32.92,60,100,8.55,RU,overcast clouds,2021-05-21 23:03:54
243,Luba,3.4568,8.5547,80.02,86,73,7.54,GQ,light rain,2021-05-21 23:03:54
244,Mayo,38.8876,-76.5119,84.15,62,1,5.64,US,clear sky,2021-05-21 23:03:54
245,Nha Trang,12.25,109.1833,80.6,78,94,6.02,VN,overcast clouds,2021-05-21 23:03:55
246,Coquimbo,-29.9533,-71.3436,59.41,75,24,10.49,CL,few clouds,2021-05-21 23:00:07
247,Katsuura,35.1333,140.3,67.1,91,100,24.58,JP,heavy intensity rain,2021-05-21 23:00:59
248,Kenai,60.5544,-151.2583,53.65,50,90,10.36,US,overcast clouds,2021-05-21 23:03:55
249,Charters Towers,-20.1,146.2667,67.93,65,17,11.54,AU,few clouds,2021-05-21 23:02:15
250,Aklavik,68.2191,-135.0107,61.14,37,20,9.78,CA,few clouds,2021-05-21 23:03:55
251,Murray Bridge,-35.1167,139.2667,65.32,40,10,8.37,AU,clear sky,2021-05-21 23:03:56
252,Hovd,48.0056,91.6419,33.04,47,27,5.91,MN,scattered clouds,2021-05-21 23:03:56
253,Hambantota,6.1241,81.1185,80.29,85,94,14.45,LK,overcast clouds,2021-05-21 23:03:56
254,Srednekolymsk,67.45,153.6833,36.72,67,98,5.57,RU,overcast clouds,2021-05-21 23:03:56
255,Marawi,7.9986,124.2928,69.66,83,51,0.92,PH,broken clouds,2021-05-21 23:03:57
256,Dingle,10.9995,122.6711,80.1,81,88,2.08,PH,overcast clouds,2021-05-21 23:03:57
257,Bershet,57.7309,56.3783,51.06,79,21,7.09,RU,few clouds,2021-05-21 23:03:57
258,Umm Lajj,25.0213,37.2685,81.18,78,91,9.89,SA,overcast clouds,2021-05-21 23:03:57
259,Port-Gentil,-0.7193,8.7815,78.1,90,100,12.84,GA,heavy intensity rain,2021-05-21 23:02:10
260,Minchinabad,30.163,73.5685,80.83,46,10,7.7,PK,clear sky,2021-05-21 23:03:58
261,Sioux Lookout,50.1001,-91.917,68.07,73,75,3.44,CA,broken clouds,2021-05-21 23:03:58
262,Oussouye,12.485,-16.5469,75.54,64,51,9.01,SN,broken clouds,2021-05-21 23:03:59
263,Chino Valley,34.7575,-112.4538,71.92,15,0,7.0,US,clear sky,2021-05-21 23:00:54
264,Lavrentiya,65.5833,-171.0,34.09,99,100,4.07,RU,light rain,2021-05-21 23:03:59
265,Tashara,55.5195,83.5094,43.97,94,100,7.34,RU,overcast clouds,2021-05-21 23:03:59
266,Klaksvik,62.2266,-6.589,38.32,85,99,21.09,FO,overcast clouds,2021-05-21 23:03:59
267,Naze,28.3667,129.4833,67.12,92,100,10.6,JP,light rain,2021-05-21 23:04:00
268,Maningrida,-12.0667,134.2667,76.1,78,100,11.36,AU,overcast clouds,2021-05-21 23:04:00
269,Narsaq,60.9167,-46.05,35.82,90,100,0.67,GL,overcast clouds,2021-05-21 23:04:00
270,Siguiri,11.6667,-9.5,82.76,52,48,8.3,GN,light rain,2021-05-21 23:03:06
271,Sal Rei,16.1833,-22.9167,72.16,86,21,10.09,CV,few clouds,2021-05-21 23:04:00
272,Codrington,-38.2667,141.9667,53.55,61,41,13.8,AU,scattered clouds,2021-05-21 23:04:01
273,Sorong,-0.8833,131.25,77.97,88,100,6.85,ID,light rain,2021-05-21 23:04:01
274,Kraslava,55.8951,27.168,47.26,88,71,7.83,LV,broken clouds,2021-05-21 23:04:01
275,Hofn,64.2539,-15.2082,38.71,59,88,13.98,IS,light rain,2021-05-21 23:04:02
276,Buraydah,26.326,43.975,93.65,9,94,9.24,SA,overcast clouds,2021-05-21 22:59:54
277,Arman,59.7,150.1667,44.74,59,12,2.66,RU,few clouds,2021-05-21 23:04:02
278,Osorno,-40.5667,-73.15,50.31,87,90,3.44,CL,overcast clouds,2021-05-21 23:04:02
279,Kalmunai,7.4167,81.8167,79.07,82,100,9.6,LK,overcast clouds,2021-05-21 23:04:02
280,Gravdal,68.1214,13.5031,40.71,84,98,19.82,NO,overcast clouds,2021-05-21 23:03:09
281,Labuan,5.2767,115.2417,77.16,91,100,8.14,MY,overcast clouds,2021-05-21 23:04:03
282,Lima,-12.0432,-77.0282,63.39,44,30,1.01,PE,scattered clouds,2021-05-21 23:01:06
283,Mao,39.8885,4.2658,63.16,88,0,6.91,ES,clear sky,2021-05-21 23:04:03
284,Faya,18.3851,42.4509,64.92,34,6,1.45,SA,clear sky,2021-05-21 23:04:04
285,Vostok,46.4856,135.8833,63.01,50,100,1.32,RU,overcast clouds,2021-05-21 23:04:04
286,Sohag,26.557,31.6948,81.93,27,0,15.97,EG,clear sky,2021-05-21 23:04:04
287,Kambove,-10.8764,26.5969,56.23,65,1,4.12,CD,clear sky,2021-05-21 23:04:05
288,Burley,42.5357,-113.7928,51.67,65,78,4.74,US,broken clouds,2021-05-21 23:00:16
289,Ruteng,-8.6136,120.4721,63.03,86,97,1.72,ID,overcast clouds,2021-05-21 23:04:05
290,Dauriya,49.9333,116.8667,46.83,68,100,15.5,RU,overcast clouds,2021-05-21 23:04:05
291,Sakakah,29.9697,40.2064,85.21,22,7,12.06,SA,clear sky,2021-05-21 23:04:06
292,Smiltene,57.4244,25.9016,44.8,90,13,5.61,LV,few clouds,2021-05-21 23:04:06
293,Haines Junction,60.7522,-137.5108,52.02,50,85,15.52,CA,overcast clouds,2021-05-21 23:04:06
294,Tiksi,71.6872,128.8694,27.73,88,100,5.32,RU,overcast clouds,2021-05-21 23:04:07
295,Lichinga,-13.3128,35.2406,54.16,75,6,3.69,MZ,clear sky,2021-05-21 23:04:07
296,Killam,52.7834,-111.8518,49.05,40,83,5.5,CA,broken clouds,2021-05-21 23:04:07
297,Rovinj,45.08,13.64,62.42,71,100,16.17,HR,overcast clouds,2021-05-21 23:04:07
298,Tuatapere,-46.1333,167.6833,49.82,71,72,4.38,NZ,broken clouds,2021-05-21 23:04:08
299,Damghan,36.1683,54.348,74.93,26,92,1.9,IR,overcast clouds,2021-05-21 23:04:08
300,Kigoma,-4.8769,29.6267,73.65,78,49,4.34,TZ,light rain,2021-05-21 23:04:08
301,Lagunas,-5.2269,-75.6753,77.65,86,70,1.14,PE,broken clouds,2021-05-21 23:04:09
302,Souillac,-20.5167,57.5167,71.38,73,49,17.07,MU,light rain,2021-05-21 23:01:04
303,Port Hawkesbury,45.6169,-61.3485,64.9,71,15,1.99,CA,few clouds,2021-05-21 23:04:09
304,Petropavlovsk-Kamchatskiy,53.0452,158.6483,52.39,51,0,14.25,RU,clear sky,2021-05-21 23:04:09
305,Balkhash,46.844,74.9804,62.28,46,14,4.25,KZ,few clouds,2021-05-21 23:04:10
306,Bundaberg,-24.85,152.35,70.21,66,40,7.0,AU,scattered clouds,2021-05-21 23:04:10
307,San Jeronimo,-11.9472,-75.2829,53.2,68,28,6.29,PE,scattered clouds,2021-05-21 23:04:10
308,Batagay-Alyta,67.8006,130.4114,29.07,73,99,3.89,RU,overcast clouds,2021-05-21 23:04:10
309,Odweyne,9.4092,45.064,74.89,59,46,10.2,SO,scattered clouds,2021-05-21 23:04:11
310,Luderitz,-26.6481,15.1594,60.64,48,0,11.45,NA,clear sky,2021-05-21 23:04:11
311,Bhikhi,30.0667,75.5333,79.16,58,54,4.14,IN,broken clouds,2021-05-21 23:04:11
312,Port Blair,11.6667,92.75,82.44,81,100,18.97,IN,light rain,2021-05-21 23:04:11
313,Calama,-22.4667,-68.9333,57.69,15,0,11.5,CL,clear sky,2021-05-21 23:04:07
314,Norman Wells,65.282,-126.8329,68.61,25,9,8.08,CA,clear sky,2021-05-21 23:04:12
315,Najran,17.4924,44.1277,76.3,19,6,2.19,SA,clear sky,2021-05-21 23:04:12
316,Lubao,14.9167,120.55,85.14,74,23,2.1,PH,light rain,2021-05-21 23:04:12
317,Beaverlodge,55.2166,-119.4361,60.85,23,0,6.51,CA,clear sky,2021-05-21 23:04:12
318,Hami,42.8,93.45,54.23,14,72,13.13,CN,broken clouds,2021-05-21 23:04:13
319,Muana,-1.5283,-49.2167,75.94,94,63,4.41,BR,broken clouds,2021-05-21 23:04:13
320,Rosarito,32.3333,-117.0333,68.41,60,1,11.81,MX,clear sky,2021-05-21 23:04:13
321,Igarka,67.4667,86.5833,34.39,97,100,18.57,RU,light rain,2021-05-21 23:04:14
322,Juba,4.8517,31.5825,72.21,89,47,1.14,SS,light rain,2021-05-21 23:04:14
323,Guerrero Negro,27.9769,-114.0611,66.47,53,0,22.53,MX,clear sky,2021-05-21 23:04:14
324,Altay,47.8667,88.1167,38.21,36,62,3.8,CN,broken clouds,2021-05-21 23:04:15
325,La Cruz,23.9167,-106.9,84.47,68,100,4.0,MX,overcast clouds,2021-05-21 23:04:15
326,Ugoofaaru,5.6667,73.0,83.77,76,100,18.16,MV,overcast clouds,2021-05-21 23:04:15
327,Alice Springs,-23.7,133.8833,54.95,40,0,5.39,AU,clear sky,2021-05-21 23:04:15
328,Zhigansk,66.7697,123.3711,35.33,60,64,11.97,RU,broken clouds,2021-05-21 23:04:16
329,Sume,-7.6717,-36.88,73.8,82,100,10.85,BR,overcast clouds,2021-05-21 23:04:16
330,Nemuro,43.3236,145.575,43.25,99,100,10.29,JP,overcast clouds,2021-05-21 23:02:52
331,Bayji,34.9311,43.487,88.16,14,51,11.68,IQ,broken clouds,2021-05-21 23:03:09
332,Koutiala,12.3917,-5.4642,89.85,38,100,7.72,ML,overcast clouds,2021-05-21 23:04:16
333,Kuopio,62.8924,27.677,44.55,91,90,9.8,FI,overcast clouds,2021-05-21 23:04:17
334,Clyde River,70.4692,-68.5914,18.27,80,75,2.04,CA,broken clouds,2021-05-21 23:04:17
335,Zapolyarnyy,69.4154,30.8136,31.28,97,100,25.43,RU,snow,2021-05-21 23:04:17
336,Namibe,-15.1961,12.1522,71.8,67,0,5.06,AO,clear sky,2021-05-21 23:04:17
337,Jiaohe,43.7286,127.3447,65.64,70,3,3.91,CN,clear sky,2021-05-21 23:04:18
338,Sao Caetano De Odivelas,-0.75,-48.02,75.63,96,69,5.93,BR,light rain,2021-05-21 23:04:18
339,Lagoa,39.05,-27.9833,58.21,67,83,18.32,PT,broken clouds,2021-05-21 23:03:07
340,Kamaishi,39.2667,141.8833,59.95,97,100,7.49,JP,overcast clouds,2021-05-21 23:00:43
341,Saint-Georges,12.0564,-61.7485,80.47,75,80,16.51,GD,broken clouds,2021-05-21 23:04:18
342,Mackay,-21.15,149.2,73.69,78,10,16.35,AU,clear sky,2021-05-21 23:03:23
343,Itamaraca,-7.7478,-34.8256,78.85,69,47,9.98,BR,scattered clouds,2021-05-21 23:01:51
344,Husavik,66.0449,-17.3389,33.82,76,100,6.35,IS,overcast clouds,2021-05-21 23:04:19
345,Roald,62.5833,6.1333,48.25,93,26,9.22,NO,scattered clouds,2021-05-21 23:04:19
346,Cayenne,4.9333,-52.3333,77.09,90,75,3.0,GF,broken clouds,2021-05-21 23:04:14
347,Egvekinot,66.3167,-179.1667,30.31,96,96,4.38,RU,overcast clouds,2021-05-21 23:04:19
348,Mataram,-8.5833,116.1167,74.21,85,69,5.55,ID,broken clouds,2021-05-21 23:04:19
349,Nelson Bay,-32.7167,152.15,64.11,73,26,1.01,AU,scattered clouds,2021-05-21 23:04:20
350,Hualmay,-11.0964,-77.6139,64.45,85,16,9.98,PE,few clouds,2021-05-21 23:04:20
351,Den Helder,52.9599,4.7593,52.99,85,90,28.77,NL,overcast clouds,2021-05-21 23:04:20
352,Esperance,-33.8667,121.9,60.53,55,100,8.79,AU,overcast clouds,2021-05-21 23:04:20
353,Bonthe,7.5264,-12.505,81.99,79,69,5.41,SL,light rain,2021-05-21 23:04:21
354,Beira,-19.8436,34.8389,70.77,84,0,7.18,MZ,clear sky,2021-05-21 23:04:21
355,Owando,-0.4819,15.8999,70.14,99,70,2.3,CG,moderate rain,2021-05-21 23:04:21
356,Sao Filipe,14.8961,-24.4956,72.63,78,5,3.94,CV,clear sky,2021-05-21 23:04:22
357,Abidjan,5.3094,-4.0197,76.96,76,20,8.37,CI,few clouds,2021-05-21 23:04:22
358,Schoneiche,52.4667,13.6833,54.05,79,0,6.4,DE,clear sky,2021-05-21 23:04:22
359,Caiaponia,-16.9567,-51.8103,70.5,58,47,3.22,BR,scattered clouds,2021-05-21 23:04:22
360,Pangnirtung,66.1451,-65.7125,16.14,85,87,4.94,CA,overcast clouds,2021-05-21 23:04:23
361,Berlevag,70.8578,29.0864,34.61,81,100,23.73,NO,light snow,2021-05-21 23:04:23
362,Roma,43.2128,-75.4557,85.86,39,1,9.22,US,clear sky,2021-05-21 23:04:23
363,Dourdan,48.5277,2.0111,53.04,78,0,19.91,FR,clear sky,2021-05-21 23:04:24
364,Hegra,63.4644,11.114,48.51,87,0,5.75,NO,clear sky,2021-05-21 23:04:24
365,Mokhotlong,-29.2894,29.0675,37.24,83,5,4.99,LS,clear sky,2021-05-21 23:04:24
366,Luwuk,-0.9516,122.7875,76.6,86,100,3.76,ID,overcast clouds,2021-05-21 23:04:24
367,Almaznyy,48.0448,40.045,55.54,97,3,9.01,RU,clear sky,2021-05-21 23:04:25
368,Faanui,-16.4833,-151.75,81.86,72,8,14.81,PF,clear sky,2021-05-21 23:04:25
369,Yabrud,33.9674,36.6574,61.52,44,12,3.89,SY,few clouds,2021-05-21 23:04:25
370,Mormugao,15.4,73.8,81.81,78,47,7.96,IN,scattered clouds,2021-05-21 23:04:25
371,Mackenzie,55.2999,-123.1698,67.1,24,67,6.08,CA,broken clouds,2021-05-21 23:04:26
372,Severo-Kurilsk,50.6789,156.125,39.29,77,49,14.25,RU,scattered clouds,2021-05-21 23:04:26
373,De-Kastri,51.4667,140.7833,47.35,85,97,7.2,RU,overcast clouds,2021-05-21 23:04:26
374,Piacabucu,-10.4056,-36.4344,76.37,88,2,7.58,BR,clear sky,2021-05-21 23:04:26
375,Lasa,46.6166,10.7002,52.63,99,99,5.03,IT,overcast clouds,2021-05-21 23:04:27
376,Road Town,18.4167,-64.6167,82.4,74,20,8.05,VG,few clouds,2021-05-21 23:00:09
377,Gallup,35.5281,-108.7426,66.96,51,75,3.0,US,broken clouds,2021-05-21 23:04:27
378,Bud,39.447,-86.1758,82.54,64,100,7.02,US,overcast clouds,2021-05-21 23:04:27
379,Nizhniy Kuranakh,58.8353,125.4869,41.11,55,83,3.98,RU,broken clouds,2021-05-21 23:04:28
380,Airai,-8.9266,125.4092,61.63,86,96,2.98,TL,light rain,2021-05-21 23:04:28
381,Ixtapa,20.7,-105.2,81.23,71,59,5.01,MX,broken clouds,2021-05-21 23:02:23
382,Manicore,-5.8092,-61.3003,78.67,87,93,2.35,BR,overcast clouds,2021-05-21 23:04:28
383,Makakilo City,21.3469,-158.0858,78.69,67,24,14.76,US,few clouds,2021-05-21 22:59:51
384,Belmonte,-15.8631,-38.8828,75.7,78,5,9.6,BR,clear sky,2021-05-21 23:04:29
385,Rathdrum,47.8137,-116.892,66.22,37,75,4.0,US,broken clouds,2021-05-21 23:04:29
386,Yangjiang,21.85,111.9667,82.24,89,60,7.38,CN,broken clouds,2021-05-21 23:04:29
387,Svetlogorsk,52.6333,29.7333,45.75,87,14,6.89,BY,few clouds,2021-05-21 23:04:29
388,Seondha,26.1578,78.7797,83.75,54,0,3.89,IN,clear sky,2021-05-21 23:04:30
389,Victor Harbor,-35.5667,138.6167,64.18,60,8,6.13,AU,clear sky,2021-05-21 23:04:30
390,Sinnar,13.5691,33.5672,92.41,8,39,16.49,SD,scattered clouds,2021-05-21 23:04:30
391,Rawson,-43.3002,-65.1023,55.15,82,100,2.48,AR,overcast clouds,2021-05-21 23:04:31
392,College,64.8569,-147.8028,58.59,49,90,4.61,US,overcast clouds,2021-05-21 23:04:31
393,Lata,40.1629,-8.3327,57.06,91,96,2.84,PT,overcast clouds,2021-05-21 23:04:31
394,Mount Gambier,-37.8333,140.7667,52.02,58,0,9.69,AU,clear sky,2021-05-21 23:04:31
395,Aksarka,66.5606,67.7975,59.83,63,28,1.66,RU,scattered clouds,2021-05-21 23:04:32
396,Uyo,5.0333,7.9266,75.6,96,95,3.78,NG,overcast clouds,2021-05-21 23:04:32
397,Tamandare,-8.7597,-35.1047,77.97,82,43,9.4,BR,scattered clouds,2021-05-21 23:04:32
398,Chamrajnagar,11.9167,76.95,71.02,87,100,1.74,IN,overcast clouds,2021-05-21 23:04:33
399,Pafos,34.7667,32.4167,69.58,64,40,12.66,CY,scattered clouds,2021-05-21 23:04:33
400,Krasnoyarskiy,51.965,59.8967,60.87,67,25,3.42,RU,scattered clouds,2021-05-21 23:04:33
401,Araceli,10.5529,119.9913,81.28,82,94,7.81,PH,overcast clouds,2021-05-21 23:04:33
402,Yining,29.0361,114.5636,65.89,99,100,2.21,CN,light rain,2021-05-21 23:04:34
403,Shepsi,44.0361,39.1489,64.83,86,40,5.17,RU,scattered clouds,2021-05-21 23:04:34
404,Healdsburg,38.6105,-122.8692,78.1,29,40,3.0,US,scattered clouds,2021-05-21 23:04:34
405,Aldan,58.6031,125.3894,36.1,66,90,5.17,RU,overcast clouds,2021-05-21 23:04:34
406,Saint-Pierre,-21.3393,55.4781,71.24,64,20,9.22,RE,few clouds,2021-05-21 23:04:35
407,Tunduma,-9.3,32.7667,51.71,91,17,5.82,TZ,few clouds,2021-05-21 23:04:35
408,Jaroslaw,50.0162,22.6778,57.11,66,98,12.91,PL,overcast clouds,2021-05-21 23:04:35
409,Santa Cruz Cabralia,-16.2781,-39.0247,75.43,78,0,9.73,BR,clear sky,2021-05-21 23:04:35
410,Nalut,30.3333,10.85,76.82,29,1,21.97,LY,clear sky,2021-05-21 23:04:36
411,Urengoy,65.9667,78.3667,45.03,99,89,8.25,RU,overcast clouds,2021-05-21 23:04:36
412,Ostrovnoy,68.0531,39.5131,35.78,98,100,5.37,RU,overcast clouds,2021-05-21 23:04:36
413,Erzurum,40.0,41.5,56.88,47,19,6.15,TR,few clouds,2021-05-21 23:04:37
414,Gresham,45.4982,-122.4315,69.98,37,75,1.61,US,broken clouds,2021-05-21 23:04:06
415,Talara,-4.5772,-81.2719,67.93,89,5,19.33,PE,clear sky,2021-05-21 23:04:37
416,Xuddur,4.1213,43.8894,72.57,75,48,15.61,SO,scattered clouds,2021-05-21 23:04:37
417,Waddan,29.1614,16.139,70.92,47,0,17.2,LY,clear sky,2021-05-21 23:04:37
418,Bowen,-20.0167,148.2333,72.72,64,89,17.67,AU,overcast clouds,2021-05-21 23:04:38
419,New Britain,41.6612,-72.7795,80.26,53,1,1.01,US,clear sky,2021-05-21 23:04:38
420,Mendi,-6.1761,143.6513,59.99,92,100,0.98,PG,overcast clouds,2021-05-21 23:04:38
421,Sembakung,3.8167,117.25,74.34,99,100,2.42,ID,overcast clouds,2021-05-21 23:04:38
422,Evensk,61.95,159.2333,39.69,75,88,4.74,RU,overcast clouds,2021-05-21 23:04:39
423,Batticaloa,7.7102,81.6924,81.23,78,100,1.77,LK,overcast clouds,2021-05-21 23:04:39
424,Osuna,37.2377,-5.1075,72.82,39,56,5.75,ES,broken clouds,2021-05-21 23:04:39
425,Cockburn Town,21.4612,-71.1419,77.94,73,100,20.13,TC,overcast clouds,2021-05-21 23:04:08
426,Ambunti,-4.2365,142.8448,80.62,84,98,0.92,PG,overcast clouds,2021-05-21 23:04:39
427,Manjakandriana,-18.9167,47.8,49.69,98,33,4.05,MG,scattered clouds,2021-05-21 23:03:20
428,Nome,64.5011,-165.4064,39.16,87,90,16.11,US,overcast clouds,2021-05-21 23:04:40
429,Mykhaylivka,47.2724,35.2224,55.67,82,96,13.27,UA,overcast clouds,2021-05-21 23:04:40
430,Palmer,42.1584,-72.3287,81.21,45,48,1.99,US,scattered clouds,2021-05-21 23:04:40
431,Trairi,-3.2778,-39.2689,78.58,80,75,9.46,BR,broken clouds,2021-05-21 23:00:07
432,Soeng Sang,14.4264,102.4606,82.0,86,92,1.21,TH,overcast clouds,2021-05-21 23:04:41
433,Mosna,46.0833,24.4,46.71,86,70,2.84,RO,light rain,2021-05-21 23:04:41
434,Angoram,-4.0625,144.0661,83.12,76,74,1.7,PG,broken clouds,2021-05-21 23:04:42
435,Broome,42.2506,-75.833,84.58,78,1,1.88,US,clear sky,2021-05-21 23:04:42
436,Palauig,15.435,119.9045,83.34,75,48,3.18,PH,light rain,2021-05-21 23:04:42
437,Puerto Lopez,4.0845,-72.956,79.92,80,74,0.69,CO,broken clouds,2021-05-21 23:04:42
438,Taperoa,-7.2075,-36.8267,73.85,74,38,16.2,BR,scattered clouds,2021-05-21 23:04:43
439,Sechura,-5.5569,-80.8222,71.98,70,7,17.85,PE,clear sky,2021-05-21 23:04:43
440,Nanortalik,60.1432,-45.2371,33.48,90,98,16.98,GL,overcast clouds,2021-05-21 23:04:43
441,Kysyl-Syr,63.8986,122.7617,43.11,50,62,4.05,RU,broken clouds,2021-05-21 23:04:44
442,Tazovskiy,67.4667,78.7,34.7,100,100,10.47,RU,overcast clouds,2021-05-21 23:04:44
443,Te Horo,-40.8084,175.1233,56.8,79,77,1.99,NZ,broken clouds,2021-05-21 23:04:44
444,Pingliang,35.5392,106.6861,61.41,67,96,7.54,CN,overcast clouds,2021-05-21 23:04:44
445,Tiznit,29.5833,-9.5,84.72,23,42,4.43,MA,scattered clouds,2021-05-21 23:04:45
446,Longyearbyen,78.2186,15.6401,22.84,74,75,11.5,SJ,broken clouds,2021-05-21 23:04:45
447,Bhuj,23.2667,69.6667,82.0,76,15,16.69,IN,few clouds,2021-05-21 23:04:45
448,Ilulissat,69.2167,-51.1,33.82,80,90,11.5,GL,overcast clouds,2021-05-21 23:04:46
449,Timmins,48.4669,-81.3331,72.23,67,100,10.27,CA,light rain,2021-05-21 23:04:22
450,Kungurtug,50.5994,97.5228,27.86,89,96,3.87,RU,overcast clouds,2021-05-21 23:04:46
451,Mangan,27.5167,88.5333,69.91,67,64,5.88,IN,broken clouds,2021-05-21 23:04:46
452,Aguas Belas,-9.1114,-37.1231,70.79,95,51,5.66,BR,broken clouds,2021-05-21 23:04:46
453,Boralday,43.3578,76.8594,46.26,45,1,1.95,KZ,clear sky,2021-05-21 23:04:47
454,Jalu,29.0331,21.5482,73.78,37,0,11.34,LY,clear sky,2021-05-21 23:04:47
455,Sembe,1.6481,14.5806,71.19,99,98,2.89,CG,light rain,2021-05-21 23:04:47
456,Cacule,-14.5033,-42.2222,71.49,48,10,1.95,BR,clear sky,2021-05-21 23:04:07
457,Vao,-22.6667,167.4833,71.82,70,7,18.23,NC,clear sky,2021-05-21 23:04:47
458,Oistins,13.0667,-59.5333,80.6,65,20,20.71,BB,few clouds,2021-05-21 23:00:08
459,Snezhnogorsk,69.1933,33.2531,33.58,95,100,25.64,RU,light rain,2021-05-21 23:04:48
460,Taguatinga,-12.3857,-46.5711,79.07,42,36,4.27,BR,scattered clouds,2021-05-21 23:04:48
461,Nabire,-3.3667,135.4833,79.32,87,100,1.19,ID,moderate rain,2021-05-21 23:00:17
462,Nishihara,26.1842,127.7558,82.06,87,75,9.37,JP,broken clouds,2021-05-21 23:04:48
463,Morwell,-38.2333,146.4,52.39,60,0,0.45,AU,clear sky,2021-05-21 23:04:49
464,Pacific Grove,36.6177,-121.9166,72.01,76,75,10.0,US,broken clouds,2021-05-21 23:04:49
465,Ossora,59.2353,163.0719,36.34,78,100,6.67,RU,overcast clouds,2021-05-21 23:04:49
466,Bilma,18.6853,12.9164,88.09,11,0,10.18,NE,clear sky,2021-05-21 23:04:49
467,The Valley,18.217,-63.0578,82.26,74,100,16.33,AI,overcast clouds,2021-05-21 23:04:50
468,Haapiti,-17.5667,-149.8667,87.53,68,35,7.92,PF,scattered clouds,2021-05-21 23:04:50
469,Katangli,51.7102,143.2326,41.49,82,41,13.31,RU,scattered clouds,2021-05-21 23:04:50
470,Kunya,12.2233,8.5325,89.74,14,63,7.07,NG,broken clouds,2021-05-21 23:04:50
471,Dolinsk,47.35,142.8,44.46,76,100,1.99,RU,overcast clouds,2021-05-21 23:04:51
472,Palasa,18.7667,84.4167,80.6,82,100,4.65,IN,overcast clouds,2021-05-21 23:04:51
473,Krasnoselkup,65.7,82.4667,42.03,93,100,14.61,RU,overcast clouds,2021-05-21 23:04:51
474,Malartic,48.1335,-78.1328,75.2,59,100,9.89,CA,overcast clouds,2021-05-21 23:04:51
475,Morondava,-20.2833,44.2833,69.55,64,0,9.46,MG,clear sky,2021-05-21 23:04:52
476,Dunyapur,29.7995,71.7196,83.23,45,0,6.08,PK,clear sky,2021-05-21 23:04:52
477,Douentza,14.9951,-2.9517,93.51,26,75,2.3,ML,broken clouds,2021-05-21 23:04:52
478,Japura,-0.3167,102.35,72.16,97,88,2.46,ID,moderate rain,2021-05-21 23:04:52
479,Asheboro,35.7079,-79.8136,81.23,42,1,1.01,US,clear sky,2021-05-21 23:02:15
480,Taoudenni,22.6783,-3.9836,91.42,26,71,34.2,ML,broken clouds,2021-05-21 23:02:41
481,Yuncheng,35.0231,110.9928,69.6,55,26,4.16,CN,scattered clouds,2021-05-21 23:04:53
482,Awjilah,29.1081,21.2869,72.93,40,0,10.47,LY,clear sky,2021-05-21 23:04:53
483,Kampot,10.6167,104.1833,82.45,77,100,10.45,KH,overcast clouds,2021-05-21 23:04:53
484,Atar,20.5169,-13.0499,87.82,16,32,5.3,MR,scattered clouds,2021-05-21 23:04:54
485,Antalaha,-14.9003,50.2788,68.34,85,18,7.29,MG,light rain,2021-05-21 23:04:54
486,Nyurba,63.2842,118.3319,43.07,50,22,4.12,RU,few clouds,2021-05-21 23:04:54
487,Bathsheba,13.2167,-59.5167,80.53,76,78,18.43,BB,broken clouds,2021-05-21 23:01:07
488,Sirsi,14.6167,74.85,69.87,97,99,3.53,IN,overcast clouds,2021-05-21 23:04:54
489,Laguna,38.421,-121.4238,79.05,23,1,4.0,US,clear sky,2021-05-21 23:04:55
490,Tabou,4.423,-7.3528,79.7,78,100,6.91,CI,overcast clouds,2021-05-21 23:04:55
491,Tautira,-17.7333,-149.15,87.82,72,21,9.1,PF,few clouds,2021-05-21 23:04:55
492,Karpathos,35.507,27.2132,64.36,68,16,21.14,GR,few clouds,2021-05-21 23:04:56
493,Belaya Gora,68.5333,146.4167,38.97,58,57,6.04,RU,broken clouds,2021-05-21 23:04:56
494,Tougan,13.0667,-3.0667,90.88,36,93,4.36,BF,overcast clouds,2021-05-21 23:04:56
495,Sambava,-14.2667,50.1667,69.89,80,26,10.87,MG,scattered clouds,2021-05-21 23:04:56
496,Formosa Do Rio Preto,-11.0483,-45.1931,76.55,47,12,1.36,BR,few clouds,2021-05-21 23:04:57
497,Ternate,0.8,127.4,79.29,84,100,5.86,ID,overcast clouds,2021-05-21 23:04:57
498,Seoul,37.5683,126.9778,62.04,70,1,3.6,KR,clear sky,2021-05-21 23:01:01
499,Sabang,5.8933,95.3214,83.91,75,100,17.45,ID,overcast clouds,2021-05-21 23:04:57
500,Baculin,7.4525,126.5842,81.36,81,92,6.62,PH,overcast clouds,2021-05-21 23:04:57
501,Ambatondrazaka,-17.8333,48.4167,57.47,90,47,5.06,MG,scattered clouds,2021-05-21 23:04:58
502,Luorong,24.4058,109.6086,76.66,94,69,1.63,CN,broken clouds,2021-05-21 23:04:58
503,Tsiroanomandidy,-18.7667,46.0333,53.64,82,0,2.17,MG,clear sky,2021-05-21 23:04:58
504,Mezen,65.8522,44.24,58.84,76,93,5.73,RU,overcast clouds,2021-05-21 23:04:59
505,Nipawin,53.3668,-104.0009,37.44,81,90,5.75,CA,overcast clouds,2021-05-21 23:04:59
506,Jardim,-21.4803,-56.1381,80.92,50,96,3.83,BR,overcast clouds,2021-05-21 23:02:05
507,Lakeway,30.3638,-97.9796,87.82,59,40,5.01,US,scattered clouds,2021-05-21 23:05:00
508,Kitami,43.8031,143.8908,55.38,86,100,2.66,JP,overcast clouds,2021-05-21 23:01:07
509,Buzmeyin,38.0507,58.2056,83.34,16,0,5.93,TM,clear sky,2021-05-21 23:05:00
510,North Platte,41.1239,-100.7654,84.02,53,25,8.01,US,scattered clouds,2021-05-21 23:00:31
511,San Vicente De Chucuri,6.881,-73.4098,79.97,86,90,1.19,CO,overcast clouds,2021-05-21 23:05:00
512,Sept-Iles,50.2001,-66.3821,52.32,95,90,1.99,CA,overcast clouds,2021-05-21 23:04:53
513,Grindavik,63.8424,-22.4338,41.47,57,0,11.72,IS,clear sky,2021-05-21 23:05:01
514,Vila Velha,-20.3297,-40.2925,76.95,79,0,4.0,BR,clear sky,2021-05-21 23:04:30
515,Muros,42.7762,-9.0603,56.23,79,97,12.21,ES,overcast clouds,2021-05-21 23:05:01
516,Ozernovskiy,51.5,156.5167,37.71,83,61,10.58,RU,broken clouds,2021-05-21 23:05:01
517,Quang Ngai,15.1167,108.8,78.91,79,59,3.47,VN,broken clouds,2021-05-21 23:05:02
518,Anchorage,61.2181,-149.9003,58.21,54,75,1.01,US,broken clouds,2021-05-21 23:02:56
519,Cururupu,-1.8283,-44.8683,75.25,97,35,3.69,BR,scattered clouds,2021-05-21 23:05:02
520,Menomonie,44.8755,-91.9193,76.39,78,75,9.22,US,broken clouds,2021-05-21 23:05:02
521,Kasongo-Lunda,-6.4667,16.8167,70.03,62,72,1.63,CD,broken clouds,2021-05-21 23:02:14
522,Yarmouth,41.7057,-70.2286,68.97,67,1,5.01,US,clear sky,2021-05-21 23:04:23
523,Half Moon Bay,37.4636,-122.4286,73.35,65,20,17.36,US,few clouds,2021-05-21 23:00:13
524,Thinadhoo,0.5333,72.9333,83.39,73,76,10.87,MV,broken clouds,2021-05-21 23:05:04
525,Maua,-23.6678,-46.4614,71.89,52,19,3.29,BR,few clouds,2021-05-21 23:05:04
526,Olden,61.8364,6.8064,48.16,81,69,4.05,NO,broken clouds,2021-05-21 23:05:04
527,Normandin,48.8333,-72.5321,71.92,68,100,5.59,CA,overcast clouds,2021-05-21 23:05:05
528,Pervomayskoye,43.919,46.7102,59.38,89,69,2.86,RU,broken clouds,2021-05-21 23:05:05
529,Chagoda,59.164,35.3285,44.31,82,5,8.59,RU,clear sky,2021-05-21 23:05:05
530,Mokhsogollokh,61.4681,128.9203,45.12,47,18,10.18,RU,few clouds,2021-05-21 23:05:06
531,Natal,-5.795,-35.2094,76.75,75,9,9.53,BR,clear sky,2021-05-21 23:02:00
532,Plettenberg Bay,-34.0527,23.3716,51.4,76,7,7.92,ZA,clear sky,2021-05-21 23:05:06
533,Mizan Teferi,6.9833,35.5833,61.2,95,21,2.55,ET,few clouds,2021-05-21 23:05:06
534,Yasnaya Polyana,44.0225,42.7539,64.6,51,100,6.2,RU,light rain,2021-05-21 23:05:06
535,La Primavera,5.4906,-70.4092,79.41,86,98,5.1,CO,overcast clouds,2021-05-21 23:05:07
536,Bolgar,54.95,49.0667,55.63,94,100,2.21,RU,light rain,2021-05-21 23:05:07
537,Hamilton,39.1834,-84.5333,83.61,50,99,1.01,US,overcast clouds,2021-05-21 23:00:12
538,Edd,13.9297,41.6925,87.67,60,7,0.56,ER,clear sky,2021-05-21 23:05:07
539,Pitangueiras,-21.0094,-48.2217,70.32,39,8,0.72,BR,clear sky,2021-05-21 23:04:07
540,Tazmalt,36.3868,4.3989,73.26,40,62,5.86,DZ,broken clouds,2021-05-21 23:05:08
541,Alta Floresta,-9.8756,-56.0861,77.18,83,94,1.74,BR,overcast clouds,2021-05-21 23:00:34
542,Shorewood,41.52,-88.2017,84.15,52,40,3.44,US,scattered clouds,2021-05-21 23:05:08
543,Tobane,-21.95,27.9,61.45,26,3,8.19,BW,clear sky,2021-05-21 23:05:08
544,Lichtenburg,-26.152,26.1597,44.71,45,100,8.05,ZA,overcast clouds,2021-05-21 23:05:08
545,Nicoya,10.1483,-85.452,87.35,64,98,7.87,CR,overcast clouds,2021-05-21 23:05:09
546,Eirunepe,-6.6603,-69.8736,74.53,96,97,1.12,BR,heavy intensity rain,2021-05-21 23:05:09
547,Manokwari,-0.8667,134.0833,80.58,78,100,3.4,ID,overcast clouds,2021-05-21 23:01:12
548,Korla,41.7597,86.1469,56.66,40,1,3.02,CN,clear sky,2021-05-21 23:05:09
549,Tumut,-35.3,148.2167,49.19,61,0,1.07,AU,clear sky,2021-05-21 23:05:09
550,Ferrenafe,-6.6389,-79.7889,67.82,72,90,13.11,PE,overcast clouds,2021-05-21 23:05:10
551,Severo-Yeniseyskiy,60.3725,93.0408,35.44,67,19,2.55,RU,few clouds,2021-05-21 23:05:10
552,Eureka,40.8021,-124.1637,66.74,68,0,8.99,US,clear sky,2021-05-21 23:03:54
553,Boca Do Acre,-8.7522,-67.3978,75.52,96,100,2.66,BR,overcast clouds,2021-05-21 23:05:10
554,Kamina,-8.7386,24.9906,62.73,60,2,2.89,CD,clear sky,2021-05-21 23:05:11
555,Mayma,52.0197,85.9114,40.87,68,100,4.97,RU,overcast clouds,2021-05-21 23:05:11
556,Turbat,26.0023,63.044,91.65,8,0,10.83,PK,clear sky,2021-05-21 23:04:04
557,Barcelos,41.5388,-8.6151,57.85,82,100,3.2,PT,overcast clouds,2021-05-21 23:05:11
558,Rio Gallegos,-51.6226,-69.2181,43.9,86,90,4.0,AR,overcast clouds,2021-05-21 23:01:30
559,San Vicente,-26.6167,-54.1333,61.56,97,50,4.7,AR,light rain,2021-05-21 23:05:12
560,Imbituba,-28.24,-48.6703,65.25,95,100,11.68,BR,overcast clouds,2021-05-21 23:00:40
561,Dicabisagan,17.0818,122.4157,82.8,77,30,4.59,PH,scattered clouds,2021-05-21 23:05:12
562,Cuamba,-14.8031,36.5372,60.69,72,0,2.93,MZ,clear sky,2021-05-21 23:05:12
563,Namatanai,-3.6667,152.4333,82.67,79,68,6.33,PG,light rain,2021-05-21 23:05:13
564,Podgornoye,51.735,39.1496,48.42,87,0,7.0,RU,clear sky,2021-05-21 23:04:05
565,Yulara,-25.2406,130.9889,55.24,47,0,6.91,AU,clear sky,2021-05-21 23:05:13
566,Rocha,-34.4833,-54.3333,59.68,86,100,17.05,UY,light rain,2021-05-21 23:01:08
567,Rawicz,51.6095,16.8585,55.92,74,100,1.01,PL,overcast clouds,2021-05-21 23:05:13
568,Hobyo,5.3505,48.5268,79.27,81,84,23.22,SO,broken clouds,2021-05-21 23:05:14
569,Honningsvag,70.9821,25.9704,35.8,72,100,23.13,NO,overcast clouds,2021-05-21 23:05:14
570,Mizdah,31.4451,12.9801,62.37,68,2,11.86,LY,clear sky,2021-05-21 23:05:14
571,Baykit,61.67,96.37,38.98,76,37,0.78,RU,scattered clouds,2021-05-21 23:05:14
572,Ilheus,-14.7889,-39.0494,73.11,83,18,5.23,BR,few clouds,2021-05-21 23:05:15
573,Leh,34.1667,77.5833,41.4,46,67,2.91,IN,broken clouds,2021-05-21 23:05:15
574,Ambanja,-13.6833,48.45,68.9,75,7,4.63,MG,clear sky,2021-05-21 23:05:15
575,Koungheul,13.9833,-14.8,85.73,21,16,12.17,SN,few clouds,2021-05-21 23:05:15
576,Corumba,-19.0092,-57.6533,87.53,41,100,7.36,BR,overcast clouds,2021-05-21 23:05:16
577,Bridlington,54.0831,-0.1919,51.98,91,100,17.87,GB,overcast clouds,2021-05-21 23:05:16
578,Clarence Town,-32.5833,151.7833,63.99,82,7,2.84,AU,clear sky,2021-05-21 23:05:16
579,Conakry,9.538,-13.6773,81.54,82,88,7.11,GN,light rain,2021-05-21 23:05:16
580,Duluth,46.7833,-92.1066,80.04,72,40,1.01,US,scattered clouds,2021-05-21 23:02:46
581,Launceston,-41.45,147.1667,51.15,91,90,3.38,AU,overcast clouds,2021-05-21 23:05:17
582,Pedernales,18.0384,-71.744,83.3,63,100,7.25,DO,overcast clouds,2021-05-21 23:05:17
583,Dongsheng,39.8161,109.9776,63.73,51,29,13.82,CN,scattered clouds,2021-05-21 23:05:17
584,State College,40.7934,-77.86,86.65,30,40,6.91,US,scattered clouds,2021-05-21 23:03:54
585,Pevek,69.7008,170.3133,31.44,90,83,2.04,RU,broken clouds,2021-05-21 23:05:18
586,Makat,47.6469,53.3463,73.74,30,0,12.44,KZ,clear sky,2021-05-21 23:05:18
587,Carmaux,44.051,2.158,50.94,96,100,2.82,FR,overcast clouds,2021-05-21 23:05:18
588,Solnechnyy,50.7214,136.6319,68.83,57,48,5.5,RU,scattered clouds,2021-05-21 23:05:19
589,Junction City,39.0286,-96.8314,80.4,72,75,10.0,US,broken clouds,2021-05-21 23:04:55
590,Emerald,-23.5333,148.1667,63.34,55,41,12.71,AU,scattered clouds,2021-05-21 23:05:19
591,Norfolk,42.1668,-71.2495,80.55,57,1,3.0,US,clear sky,2021-05-21 23:05:19
592,Maesteg,51.6093,-3.6582,51.15,95,100,15.26,GB,light rain,2021-05-21 23:05:06
593,Topolobampo,25.6,-109.05,89.06,30,40,14.97,MX,scattered clouds,2021-05-21 23:05:19
594,Tutoia,-2.7619,-42.2744,79.39,88,18,7.74,BR,few clouds,2021-05-21 23:05:20
595,Priiskovyy,51.9333,116.6333,33.85,98,100,7.96,RU,moderate rain,2021-05-21 23:05:20
596,Puerto Carreno,6.189,-67.4859,84.76,67,94,7.36,CO,overcast clouds,2021-05-21 23:05:20
597,Kamenka,51.3223,42.7678,56.62,93,58,7.87,RU,broken clouds,2021-05-21 23:05:21
598,Rock Springs,41.5875,-109.2029,62.04,44,1,22.95,US,clear sky,2021-05-21 23:05:21
599,Sorland,67.667,12.6934,41.9,83,96,22.91,NO,overcast clouds,2021-05-21 23:05:21
600,Olovyannaya,50.95,115.5667,34.05,95,100,16.71,RU,heavy snow,2021-05-21 23:05:21
601,Shakawe,-18.3667,21.85,57.24,46,0,5.75,BW,clear sky,2021-05-21 23:05:22
602,Maldonado,-34.6667,-54.9167,59.23,88,100,16.71,UY,light rain,2021-05-21 23:05:22
603,Las Choapas,17.9333,-94.0833,84.25,57,36,13.04,MX,scattered clouds,2021-05-21 23:05:22
604,Khash,28.2211,61.2158,70.79,15,0,5.84,IR,clear sky,2021-05-21 23:05:22
605,Altagracia De Orituco,9.8601,-66.3814,78.73,70,95,6.91,VE,overcast clouds,2021-05-21 23:05:23
606,Prince Rupert,54.3161,-130.3201,57.99,63,100,3.44,CA,overcast clouds,2021-05-21 23:05:23
607,Kearney,40.6995,-99.0815,79.0,61,40,28.77,US,scattered clouds,2021-05-21 23:05:23
608,Castelo Do Piaui,-5.3222,-41.5525,79.09,56,38,6.24,BR,scattered clouds,2021-05-21 23:05:23
609,Kapuskasing,49.4169,-82.4331,65.86,93,100,7.67,CA,overcast clouds,2021-05-21 23:05:24
610,Leningradskiy,69.3833,178.4167,32.09,88,70,2.21,RU,broken clouds,2021-05-21 23:05:24
611,Kushiro,42.975,144.3747,48.7,96,100,10.33,JP,overcast clouds,2021-05-21 23:05:24
612,Elk City,35.412,-99.4043,81.28,54,40,16.11,US,scattered clouds,2021-05-21 23:04:06
613,Jizan,17.3333,42.6667,86.63,60,0,4.88,SA,clear sky,2021-05-21 23:05:25
614,Visby,57.6409,18.296,45.95,93,20,8.05,SE,few clouds,2021-05-21 23:05:25
615,Blagodatnoye,45.3997,42.5867,67.12,85,85,4.99,RU,overcast clouds,2021-05-21 23:05:25
616,Muisne,0.6,-80.0333,77.02,85,93,10.96,EC,overcast clouds,2021-05-21 23:05:25
617,Langfang,39.5097,116.6947,79.14,43,1,3.94,CN,clear sky,2021-05-21 23:05:26
618,Shirgaon,19.7,72.7,83.95,72,68,10.42,IN,broken clouds,2021-05-21 23:05:26
619,Ketchikan,55.3422,-131.6461,54.07,66,90,12.66,US,overcast clouds,2021-05-21 23:05:26
620,Kothapet,19.3333,79.4833,83.14,66,51,6.6,IN,broken clouds,2021-05-21 23:05:26
621,Sokolow Podlaski,52.4068,22.2531,58.08,88,100,12.71,PL,light rain,2021-05-21 23:05:27
622,Fillmore,43.6666,-92.1002,78.49,83,40,11.5,US,scattered clouds,2021-05-21 23:05:27
623,Baraboo,43.4711,-89.7443,71.74,91,90,3.0,US,overcast clouds,2021-05-21 23:05:27
624,Honiara,-9.4333,159.95,83.91,74,99,1.72,SB,overcast clouds,2021-05-21 23:05:27
625,Shubarkuduk,49.1447,56.4872,64.42,56,34,6.8,KZ,scattered clouds,2021-05-21 23:05:28
626,Ayagoz,47.9714,80.4392,49.51,78,93,4.97,KZ,overcast clouds,2021-05-21 23:05:28
627,Kanigoro,-8.13,112.219,72.32,93,33,2.8,ID,scattered clouds,2021-05-21 23:05:28
628,Tianpeng,30.9866,103.9393,70.63,72,98,2.71,CN,overcast clouds,2021-05-21 23:05:29
629,Patea,-39.7583,174.4833,57.67,68,95,10.27,NZ,overcast clouds,2021-05-21 23:05:29
630,Vidim,56.4088,103.1106,39.52,40,70,2.24,RU,broken clouds,2021-05-21 23:05:29
631,Buala,-8.145,159.5921,83.8,75,67,2.98,SB,broken clouds,2021-05-21 23:05:29
632,Makubetsu,45.3714,141.8211,55.58,77,92,13.18,JP,overcast clouds,2021-05-21 23:05:30
633,Huilong,31.8111,121.655,68.04,83,99,10.25,CN,overcast clouds,2021-05-21 23:02:28
634,Saint Pete Beach,27.7253,-82.7412,86.05,48,1,3.0,US,clear sky,2021-05-21 23:05:30
635,Praia,14.9215,-23.5087,70.34,83,20,11.5,CV,few clouds,2021-05-21 23:05:30
636,Canon City,38.441,-105.2424,79.95,28,1,5.01,US,clear sky,2021-05-21 23:05:31
637,Baoqing,46.3317,132.2111,72.3,46,42,7.87,CN,scattered clouds,2021-05-21 23:05:31
638,Celestun,20.8667,-90.4,76.06,86,93,17.16,MX,overcast clouds,2021-05-21 23:05:31
639,Ippy,6.2679,21.2247,70.95,92,95,2.42,CF,light rain,2021-05-21 23:05:28
640,San Jose Pinula,14.5461,-90.4114,73.92,52,40,4.0,GT,scattered clouds,2021-05-21 23:05:31
641,Kibondo,-3.5864,30.7203,60.73,88,0,3.53,TZ,clear sky,2021-05-21 23:05:32
642,Vila,42.0304,-8.1588,45.32,95,94,3.24,PT,overcast clouds,2021-05-21 23:05:32
643,Sao Felix Do Xingu,-6.6447,-51.995,76.39,85,42,2.86,BR,scattered clouds,2021-05-21 23:00:36
644,Vitim,59.4511,112.5578,42.51,47,99,3.0,RU,overcast clouds,2021-05-21 23:05:32
645,Librazhd,41.1794,20.315,49.3,85,17,3.04,AL,few clouds,2021-05-21 23:05:32
646,Kirando,-7.4167,30.6,72.55,71,56,7.27,TZ,broken clouds,2021-05-21 23:05:33
647,Kloulklubed,7.0419,134.2556,81.1,75,97,10.45,PW,overcast clouds,2021-05-21 23:05:33
648,Glinka,54.6404,32.8781,42.66,93,15,6.26,RU,few clouds,2021-05-21 23:05:33
649,Manica,49.0,-1.1667,49.41,80,45,17.43,FR,scattered clouds,2021-05-21 23:05:33
650,Maltahohe,-24.8333,16.9833,50.9,40,0,10.92,NA,clear sky,2021-05-21 23:05:34
651,Cabinda,-5.55,12.2,78.8,86,82,4.83,AO,broken clouds,2021-05-21 23:05:34
652,Port Hedland,-20.3167,118.5667,60.85,41,0,4.61,AU,clear sky,2021-05-21 23:05:34
653,Beringovskiy,63.05,179.3167,32.5,91,92,1.3,RU,overcast clouds,2021-05-21 23:05:35
654,Barra Do Bugres,-15.0725,-57.1811,84.24,50,81,3.98,BR,broken clouds,2021-05-21 23:05:35
655,Taltal,-25.4,-70.4833,63.39,72,32,5.26,CL,scattered clouds,2021-05-21 23:05:35
656,El Campo,29.1966,-96.2697,82.89,76,75,11.39,US,broken clouds,2021-05-21 23:05:35
657,Belawan,3.7755,98.6832,77.29,89,100,4.05,ID,overcast clouds,2021-05-21 23:05:36
658,Koumac,-20.5667,164.2833,74.68,64,22,14.45,NC,few clouds,2021-05-21 23:05:36
659,Havre-Saint-Pierre,50.2334,-63.5986,55.76,94,90,4.61,CA,overcast clouds,2021-05-21 23:05:36
660,Lethem,3.3803,-59.7968,79.52,80,88,9.86,GY,overcast clouds,2021-05-21 23:05:36
661,Beni Mazar,28.4962,30.8029,72.0,56,0,17.72,EG,clear sky,2021-05-21 23:05:37
662,Alyangula,-13.8483,136.4192,79.39,72,74,12.95,AU,broken clouds,2021-05-21 23:05:37
663,Port Macquarie,-31.4333,152.9167,65.89,84,72,9.78,AU,broken clouds,2021-05-21 23:05:37
664,Kazanskoye,55.6448,69.235,62.04,52,8,6.98,RU,clear sky,2021-05-21 23:05:38
665,Moose Factory,51.2585,-80.6094,40.98,93,90,6.91,CA,light rain,2021-05-21 23:05:38
666,Sisophon,13.5859,102.9737,79.34,84,100,6.98,KH,overcast clouds,2021-05-21 23:04:31
667,Dwarka,22.2394,68.9678,83.62,78,10,18.1,IN,clear sky,2021-05-21 23:05:38
668,Kruisfontein,-34.0033,24.7314,48.88,79,0,10.04,ZA,clear sky,2021-05-21 23:05:39
669,Saravan,39.7196,45.6483,56.05,41,8,8.12,AM,clear sky,2021-05-21 23:05:39
670,Murbad,19.25,73.4,85.21,77,75,6.06,IN,broken clouds,2021-05-21 23:05:39
671,Buzoesti,44.5833,24.9167,51.78,84,55,0.87,RO,broken clouds,2021-05-21 23:05:39
672,Nuuk,64.1835,-51.7216,30.81,93,90,17.27,GL,overcast clouds,2021-05-21 23:05:40
673,Tubuala,9.5167,-79.0333,83.34,84,99,10.98,PA,overcast clouds,2021-05-21 23:05:40
674,Lewistown,40.5992,-77.5714,89.01,27,1,6.91,US,clear sky,2021-05-21 23:05:40
675,Zavyalovo,54.5053,82.4484,48.02,92,100,9.84,RU,light rain,2021-05-21 23:05:40
676,Oktyabrskoye,43.0645,44.7417,86.14,47,100,5.61,RU,overcast clouds,2021-05-21 23:05:41
677,Yar-Sale,66.8333,70.8333,45.48,91,26,8.57,RU,scattered clouds,2021-05-21 23:05:41
678,Nagua,19.3832,-69.8474,71.65,87,75,6.78,DO,broken clouds,2021-05-21 23:05:41
679,Santander,43.4647,-3.8044,55.45,84,90,3.0,ES,overcast clouds,2021-05-21 23:05:41
680,Carahue,-38.7,-73.1667,48.4,86,77,2.1,CL,broken clouds,2021-05-21 23:05:42
681,Long,18.0761,99.8326,78.75,81,34,1.74,TH,scattered clouds,2021-05-21 23:05:42
682,Monterey,36.2505,-121.2516,67.06,23,0,16.2,US,clear sky,2021-05-21 23:05:42
683,Yakovlevskoye,55.4419,37.9506,50.5,81,0,6.71,RU,light rain,2021-05-21 23:05:43
684,Flin Flon,54.7682,-101.865,35.67,96,100,5.55,CA,overcast clouds,2021-05-21 23:05:43
685,Edson,53.5835,-116.4356,56.07,28,4,5.21,CA,clear sky,2021-05-21 23:05:43
686,Ingham,42.6,-84.3833,84.38,32,1,8.05,US,clear sky,2021-05-21 23:05:43
687,Adamovka,51.5223,59.9396,61.97,69,37,2.59,RU,scattered clouds,2021-05-21 23:05:44
688,Basco,20.4487,121.9702,83.59,81,18,12.5,PH,few clouds,2021-05-21 23:05:44
689,Dali,25.7,100.1833,60.06,92,13,5.5,CN,few clouds,2021-05-21 23:05:44
690,Chicama,-7.8447,-79.1469,63.14,77,29,8.48,PE,scattered clouds,2021-05-21 23:05:44
691,Chegdomyn,51.1167,133.0167,69.37,67,56,3.06,RU,broken clouds,2021-05-21 23:05:45
692,Goderich,43.7501,-81.7165,68.85,69,100,7.92,CA,overcast clouds,2021-05-21 23:05:45
693,Olga,43.7444,135.2892,55.65,86,100,7.25,RU,overcast clouds,2021-05-21 23:05:45
694,Chokwe,-24.5333,32.9833,71.74,70,80,13.76,MZ,broken clouds,2021-05-21 23:05:45
